unit_id,unit_name,commander,cev,total_dps,effective_hp,effective_cost,rank
Wrathwalker,天罚行者,阿拉纳克,46.48967883458012,96.33333333333333,429.0,888.95,1
RaidLiberator,掠袭解放者,诺娃,42.14901250944195,127.10034722222221,450.0,1356.975,2
SiegeTank_Swann,攻城坦克,斯旺,24.941238947452266,59.8701923076923,211.2,506.975,3
Impaler,穿刺者,德哈卡,19.975208816037906,44.89655172413793,220.0,494.475,4
Dragoon,龙骑士,阿塔尼斯,8.07769916477229,10.756802721088434,210.0,279.65,5
