unit_id,unit_name,commander,cev,total_dps,effective_hp,effective_cost,rank
Wrathwalker,天罚行者,阿拉纳克,46.48967883458012,96.33333333333333,429.0,888.95,1
RaidLiberator,掠袭解放者,诺娃,42.14901250944195,127.10034722222221,450.0,1356.975,2
SiegeTank_Swann,攻城坦克,斯旺,32.64332105588577,78.35865384615383,211.2,506.975,3
Impaler,穿刺者,德哈卡,27.738231597078755,62.3448275862069,220.0,494.475,4
Dragoon,龙骑士,阿塔尼斯,16.15539832954458,21.513605442176868,210.0,279.65,5
