unit_id,unit_name,commander,cev,total_dps,effective_hp,effective_cost,rank
Wrathwalker,天罚行者,阿拉纳克,26.140390348163564,54.166666666666664,429.0,888.95,1
RaidLiberator,掠袭解放者,诺娃,9.375633302013672,28.272222222222222,450.0,1356.975,2
Dragoon,龙骑士,阿塔尼斯,8.07769916477229,10.756802721088434,210.0,279.65,3
Impaler,穿刺者,德哈卡,4.449163253956216,10.0,220.0,494.475,4
SiegeTank_Swann,攻城坦克,斯旺,4.1658858918092605,10.0,211.2,506.975,5
