unit_id,unit_name,commander,cev,total_dps,effective_hp,effective_cost,rank
RaidLiberator,掠袭解放者,诺娃,36.089578842646326,108.82812499999999,450.0,1356.975,1
Wrathwalker,天罚行者,阿拉纳克,26.140390348163564,54.166666666666664,429.0,888.95,2
SiegeTank_Swann,攻城坦克,斯旺,24.941238947452266,59.8701923076923,211.2,506.975,3
Impaler,穿刺者,德哈卡,19.975208816037906,44.89655172413793,220.0,494.475,4
Dragoon,龙骑士,阿塔尼斯,8.07769916477229,10.756802721088434,210.0,279.65,5
